{"cameraMode":{"drawMode":0,"name":"Shaded","section":"Shading Mode"},"sceneLighting":true,"audioPlay":false,"sceneViewState":{"showFog":false,"showMaterialUpdate":false,"showSkybox":false,"showFlares":false,"showImageEffects":false,"showParticleSystems":false},"in2DMode":false,"pivot":{"x":-20.390995025634767,"y":-11.72365665435791,"z":-13.061623573303223},"rotation":{"x":0.15756633877754212,"y":-0.8221279978752136,"z":0.27336058020591738,"w":0.4739000201225281},"size":56.47706604003906,"orthographic":false}