{"cameraMode":{"drawMode":0,"name":"Shaded","section":"Shading Mode"},"sceneLighting":false,"audioPlay":false,"sceneViewState":{"showFog":true,"showMaterialUpdate":true,"showSkybox":false,"showFlares":true,"showImageEffects":true,"showParticleSystems":true},"in2DMode":false,"pivot":{"x":-0.8804838061332703,"y":-2.1636807918548586,"z":1.5439797639846802},"rotation":{"x":-0.5383725166320801,"y":-0.0022787624038755895,"z":0.0014549887273460627,"w":-0.8427157998085022},"size":8.543432235717774,"orthographic":false}