{"cameraMode":{"drawMode":0,"name":"Shaded","section":"Shading Mode"},"sceneLighting":false,"audioPlay":false,"sceneViewState":{"showFog":true,"showMaterialUpdate":true,"showSkybox":false,"showFlares":true,"showImageEffects":true,"showParticleSystems":true},"in2DMode":false,"pivot":{"x":0.5428422689437866,"y":-1.8568997383117676,"z":4.8717570304870609},"rotation":{"x":-0.2823350727558136,"y":-0.04143029451370239,"z":0.012204415164887905,"w":-0.958349347114563},"size":11.579392433166504,"orthographic":false}