{"cameraMode":{"drawMode":0,"name":"Shaded","section":"Shading Mode"},"sceneLighting":true,"audioPlay":false,"sceneViewState":{"showFog":true,"showMaterialUpdate":true,"showSkybox":false,"showFlares":true,"showImageEffects":true,"showParticleSystems":true},"in2DMode":false,"pivot":{"x":-48.233341217041019,"y":45.90036392211914,"z":88.5931167602539},"rotation":{"x":-0.03809399530291557,"y":0.9551772475242615,"z":-0.14143122732639314,"w":-0.2572724223136902},"size":77.72410583496094,"orthographic":false}