{"cameraMode":{"drawMode":0,"name":"Shaded","section":"Shading Mode"},"sceneLighting":false,"audioPlay":false,"sceneViewState":{"showFog":true,"showMaterialUpdate":true,"showSkybox":false,"showFlares":true,"showImageEffects":true,"showParticleSystems":true},"in2DMode":false,"pivot":{"x":22.297380447387697,"y":2.910112142562866,"z":-0.6294100284576416},"rotation":{"x":-0.4672499895095825,"y":0.5320027470588684,"z":-0.47946131229400637,"w":-0.5184510350227356},"size":101.4577407836914,"orthographic":false}