{"cameraMode":{"drawMode":0,"name":"Shaded","section":"Shading Mode"},"sceneLighting":false,"audioPlay":false,"sceneViewState":{"showFog":true,"showMaterialUpdate":true,"showSkybox":false,"showFlares":true,"showImageEffects":true,"showParticleSystems":true},"in2DMode":false,"pivot":{"x":-2.744314432144165,"y":2.10654616355896,"z":-2.216980457305908},"rotation":{"x":-0.25046539306640627,"y":-0.40553566813468935,"z":0.11657457053661347,"w":-0.8713558912277222},"size":2.8578848838806154,"orthographic":false}